{
 "acc_macro": [
  0.00012885935347633844,
  0.003483212559001121,
  0.011995422403334918,
  0.020720578450503284,
  0.029349116844856332,
  0.0350176852155211,
  0.03947127870607845,
  0.043147145036280664,
  0.045840215463839366,
  0.048692140117204935,
  0.050279321840626126,
  0.05053523379027745,
  0.05102700104788172,
  0.050315645636016426,
  0.0521372417697166,
  0.05255318347356875,
  0.05269738904981298,
  0.05339275532919128,
  0.053235619908198736,
  0.045840215463839366
 ],
 "prec_macro": [
  0.0011894278249995297,
  0.008884112699953886,
  0.02422823324491644,
  0.03825708136100113,
  0.04921434115544085,
  0.056603720789832286,
  0.06113236830476972,
  0.06583764789327548,
  0.06848065691955214,
  0.07053393275586888,
  0.07261436898555423,
  0.07272008393063636,
  0.07320451062929838,
  0.07310631874932198,
  0.07400907775320874,
  0.07404146158020636,
  0.0745738619858691,
  0.07523539169887208,
  0.07487094062479355,
  0.06848065691955214
 ],
 "rec_macro": [
  0.00019112978836460136,
  0.004962677850274357,
  0.01662944670539527,
  0.028156323359072418,
  0.03993595234022167,
  0.04697103229933867,
  0.05396757400517139,
  0.05948973871375895,
  0.06394252841122554,
  0.06813671585307517,
  0.07052615986126638,
  0.07020590758466673,
  0.07200995090522772,
  0.07128226559603461,
  0.07427668674229246,
  0.07551541403764002,
  0.07549147157289988,
  0.0761586482924064,
  0.07648555014138113,
  0.06394252841122554
 ],
 "f1_macro": [
  0.00032933806784515136,
  0.006368116735134053,
  0.019722221819849072,
  0.03243859453117636,
  0.044092318842107237,
  0.051339445534433786,
  0.057326972444783006,
  0.06250293055228495,
  0.06613383207419538,
  0.06931460380977222,
  0.07155503247833547,
  0.0714408826254227,
  0.07260231743797307,
  0.0721827705904109,
  0.07414264077288185,
  0.07477117456596696,
  0.07502986131014572,
  0.07569420481633114,
  0.07566963338409786,
  0.06613383207419538
 ],
 "acc_micro": [
  0.015488751741986861,
  0.16060279870828847,
  0.2686207726975608,
  0.31325708871895513,
  0.3404360589768117,
  0.35091224737135185,
  0.3574449000512558,
  0.360058995198795,
  0.3605909216293254,
  0.3587155138843124,
  0.35798205219034124,
  0.35568470116231043,
  0.3527693386305211,
  0.3523043160204828,
  0.3500331116293801,
  0.34711213386743944,
  0.34467832286538785,
  0.3421962393546755,
  0.3391522587841606,
  0.3605909216293254
 ],
 "prec_micro": [
  0.4094736842105263,
  0.574435318275154,
  0.633714795876958,
  0.6493196801795483,
  0.6416936085550858,
  0.6419582933844679,
  0.6261503928170595,
  0.61074147016554,
  0.5930537352555701,
  0.5756104595270141,
  0.5653876637605483,
  0.5633848885566095,
  0.5551163004504919,
  0.5558376806241633,
  0.5443270350138801,
  0.5344005598565368,
  0.530272034820457,
  0.5247844827586207,
  0.5182376001363559,
  0.5930537352555701
 ],
 "rec_micro": [
  0.015842632564958867,
  0.18229209090168608,
  0.31799299503135947,
  0.3770465097336483,
  0.42033884499470553,
  0.4363036572452554,
  0.4544269772745785,
  0.4672965708234911,
  0.4791480003258125,
  0.48770057831717845,
  0.49389101572045285,
  0.49104015638999754,
  0.49181396106540687,
  0.4903478048383155,
  0.4951128125763623,
  0.4975971328500448,
  0.4961717031848171,
  0.495845890689908,
  0.49531644538568054,
  0.4791480003258125
 ],
 "f1_micro": [
  0.030505018820577164,
  0.27675755889445375,
  0.42348474576271183,
  0.47706894774811914,
  0.5079482257985136,
  0.5195189370059649,
  0.5266436966064095,
  0.529475554325004,
  0.5300504595422599,
  0.5280215177036024,
  0.5272264852292241,
  0.5247307148297248,
  0.5215513518182603,
  0.5210429514226983,
  0.5185548541204572,
  0.5153425986460552,
  0.5126554314208168,
  0.5099049294299953,
  0.5065178459872559,
  0.5300504595422599
 ],
 "rec_at_8": [
  0.12844940410462238,
  0.2543231523611388,
  0.34565375183435004,
  0.38467811651088846,
  0.39889221097102406,
  0.4046560379037512,
  0.4094768803134407,
  0.4110580192103406,
  0.40765248133760534,
  0.4059558926406281,
  0.40645521591646677,
  0.4061988125844777,
  0.4048252590394555,
  0.40257940885669824,
  0.40046390359714745,
  0.3981136930454058,
  0.3966221220380977,
  0.39780723849260485,
  0.3929791679046223,
  0.40765248133760534
 ],
 "prec_at_8": [
  0.23344573881054567,
  0.43447271612507665,
  0.5741109748620479,
  0.6279123237277744,
  0.6471489883507051,
  0.6548129981606376,
  0.6603310852237891,
  0.6618638871857756,
  0.6555027590435316,
  0.6538166768853464,
  0.6540465971796444,
  0.6519773145309626,
  0.6505211526670754,
  0.6475321888412017,
  0.6451563458001226,
  0.6410944206008584,
  0.6391017780502759,
  0.641017780502759,
  0.632050889025138,
  0.6555027590435316
 ],
 "f1_at_8": [
  0.16571632213371226,
  0.32083952832840484,
  0.4315095081828391,
  0.47708159276843404,
  0.4935612305868227,
  0.5002015620727518,
  0.5054931753394506,
  0.5071468050592616,
  0.502687314322875,
  0.5009013071682726,
  0.501348790908649,
  0.5005450495588473,
  0.49907289439351443,
  0.4964865189011448,
  0.49417908426795776,
  0.4911979882079511,
  0.4894777524917467,
  0.49094218645806287,
  0.48463521779341506,
  0.502687314322875
 ],
 "rec_at_15": [
  0.19242028267566233,
  0.34208129282745864,
  0.46074835803066205,
  0.5136651852284635,
  0.536524178116187,
  0.5484715092837515,
  0.5530936602588552,
  0.5540194798147172,
  0.5556242700147744,
  0.553358342977958,
  0.5538541418035416,
  0.5531765687206005,
  0.5485247216456705,
  0.5493586596234311,
  0.5484581410247811,
  0.546298943950375,
  0.5424005737918186,
  0.5412611519885301,
  0.5369854543920944,
  0.5556242700147744
 ],
 "prec_at_15": [
  0.1884733292458614,
  0.31959942775393424,
  0.4244839566727979,
  0.4702636419374617,
  0.4895156345800123,
  0.4991620682607807,
  0.502799918250562,
  0.5035356631923156,
  0.5042305334150827,
  0.5015736766809729,
  0.501328428367055,
  0.5005926834253015,
  0.4958920907418761,
  0.4960555896178213,
  0.49523809523809526,
  0.493603106478643,
  0.4903740036787247,
  0.4884528918863683,
  0.4851420396484774,
  0.5042305334150827
 ],
 "f1_at_15": [
  0.19042635610168127,
  0.33045842815827764,
  0.4418733541440292,
  0.49100718278128636,
  0.5119430460069859,
  0.522656353947479,
  0.5267490073301478,
  0.5275726150728203,
  0.5286813271804117,
  0.5261950029714325,
  0.5262839518095193,
  0.5255726381841801,
  0.5208822144841998,
  0.5213482291999425,
  0.5204912227172711,
  0.5186158748098619,
  0.5150768556278059,
  0.513502902144869,
  0.5097489699166715,
  0.5286813271804117
 ],
 "auc_macro": [
  0.6597309453918844,
  0.7964036415293595,
  0.8625986812562928,
  0.8902811427636834,
  0.9024942544785424,
  0.9086184879439776,
  0.9117744770461549,
  0.9135215379386137,
  0.9149703803717897,
  0.9151661362516291,
  0.9147801474982858,
  0.9143469830701776,
  0.9142175340575402,
  0.9137827562997478,
  0.9128779561829738,
  0.912387587921354,
  0.9116101501825928,
  0.9109898030549758,
  0.9096384256528316,
  0.9149703803717897
 ],
 "auc_micro": [
  0.9424628079869799,
  0.9651983091775815,
  0.976337000139883,
  0.9811336211432404,
  0.9832328794269877,
  0.9843662160424845,
  0.9849035678725975,
  0.985110220721947,
  0.9852484131361913,
  0.9851396285745588,
  0.9851104365645658,
  0.984872455480804,
  0.9845919284495016,
  0.9844406253533218,
  0.9842161836153797,
  0.9839863024641597,
  0.9837355736052861,
  0.9835218314136523,
  0.9831741805055398,
  0.9852484131361913
 ],
 "loss_dev": [
  0.023167600999299376,
  0.019318576161001806,
  0.01641471443087535,
  0.014973642415451455,
  0.014375023404315129,
  0.013981410458474312,
  0.013894079221687677,
  0.01409226568229514,
  0.014370442712561349,
  0.014699258351403075,
  0.014944490687259594,
  0.014850475225952635,
  0.014931474969208013,
  0.014945992089994196,
  0.01523462498053603,
  0.015444799215870157,
  0.01561023596001093,
  0.015765797476747404,
  0.01597100395411597,
  0.014370442712561349
 ],