{
 "acc_macro": [
  0.00012176314358561732,
  0.003757691071481691,
  0.012763118478073038,
  0.02120922141222221,
  0.028890529033293064,
  0.03380745031426089,
  0.037622890595509016,
  0.0424147005499447,
  0.04558402274456812,
  0.04646815602554275,
  0.04811202850505877,
  0.050078485074421496,
  0.05057048579593867,
  0.050948851743832596,
  0.05159673771858299,
  0.051275253969247425,
  0.05164946766119337,
  0.05187352202573765,
  0.05162918308964306,
  0.04558402274456812
 ],
 "prec_macro": [
  0.0010787625760893898,
  0.009181708406745068,
  0.024679393670587975,
  0.03895524502073255,
  0.049547871648416265,
  0.05632403627928948,
  0.060276404362059666,
  0.0650804839656999,
  0.06932408702836963,
  0.0697453914944754,
  0.07107537478951545,
  0.07229899556409217,
  0.07212632882026396,
  0.07263480783381511,
  0.07267720313279882,
  0.07215818659189036,
  0.07247620407244068,
  0.07261905444895188,
  0.07158132635871653,
  0.06932408702836963
 ],
 "rec_macro": [
  0.00018518487979239475,
  0.005335531491450377,
  0.017794814842208496,
  0.02899977280205961,
  0.038857530452431364,
  0.04565862714961765,
  0.051148285980674446,
  0.058767281116103215,
  0.06308266500244081,
  0.06634516374218619,
  0.069273936487511,
  0.07234738422520594,
  0.07307230057073888,
  0.07421645440701759,
  0.07531809257030739,
  0.07421345223024432,
  0.07550940513508705,
  0.07417172605101077,
  0.07649378224404335,
  0.06308266500244081
 ],
 "f1_macro": [
  0.000316105732161594,
  0.006749119625086936,
  0.020679148884141078,
  0.033248266021965726,
  0.04355634125695665,
  0.05043363421921908,
  0.05533844893289294,
  0.06176297317691816,
  0.06605627117253178,
  0.06800280020780317,
  0.07016309455593149,
  0.07232318180090162,
  0.07259623318379414,
  0.0734171136386993,
  0.0739740852883378,
  0.07317138998717693,
  0.07396171945725635,
  0.0733871785997141,
  0.07395606787515681,
  0.06605627117253178
 ],
 "acc_micro": [
  0.014458119249611661,
  0.164714730847749,
  0.26960851648351647,
  0.31241325615246607,
  0.33670953555007666,
  0.34757937549199686,
  0.3530593074855051,
  0.35752184769038703,
  0.3586168604830501,
  0.35540878257765085,
  0.3535768824151298,
  0.35148457768809455,
  0.34705329421482894,
  0.345048104131296,
  0.3420809151316343,
  0.3426788638545372,
  0.33760660095248646,
  0.33687277617460004,
  0.3323170731707317,
  0.3586168604830501
 ],
 "prec_micro": [
  0.3962882096069869,
  0.5773286467486819,
  0.6322783280985745,
  0.649198086662915,
  0.649235513298214,
  0.6410380497247595,
  0.6330216621174284,
  0.6047727152737448,
  0.5964804268636806,
  0.5687488097505237,
  0.5590119788281177,
  0.5460611760490841,
  0.5358666490741962,
  0.5306353350739774,
  0.52333361928455,
  0.5276727098821791,
  0.5132814144390655,
  0.5191037430384665,
  0.5005330053300533,
  0.5964804268636806
 ],
 "rec_micro": [
  0.014783741956504032,
  0.18730145801091472,
  0.3197442371914963,
  0.3758654394396025,
  0.41158263419402136,
  0.43157937606907226,
  0.4439195243137574,
  0.4665227661480818,
  0.4734870082267655,
  0.4865195080231327,
  0.4903478048383155,
  0.4965789688034536,
  0.4962124297466808,
  0.49661969536531725,
  0.4969047812983628,
  0.4942982813390894,
  0.4965789688034536,
  0.48969617984849717,
  0.49718986723140834,
  0.4734870082267655
 ],
 "f1_micro": [
  0.02850412249705536,
  0.28284132841328413,
  0.42471126017689537,
  0.47608976012380705,
  0.5037886340977069,
  0.515857368869417,
  0.521868192373064,
  0.5267272100241407,
  0.527914632761948,
  0.5244303964177531,
  0.5224333940814024,
  0.5201458951005695,
  0.5152777484087881,
  0.5130643328985568,
  0.5097768864377037,
  0.5104405425297024,
  0.5047920677306506,
  0.5039713309721902,
  0.4988558352402746,
  0.527914632761948
 ],
 "rec_at_8": [
  0.1230002817252658,
  0.2607518119713829,
  0.34589177045328895,
  0.3813290539075907,
  0.39801290191857874,
  0.404263653459011,
  0.40814395224099487,
  0.4053515402260646,
  0.4075300924128008,
  0.4029362771718261,
  0.4033973358490937,
  0.39895393603499507,
  0.4006434840211887,
  0.3996734808416538,
  0.397431733411479,
  0.39444803568296033,
  0.39402907231100837,
  0.3949004931551601,
  0.3909413453850166,
  0.4075300924128008
 ],
 "prec_at_8": [
  0.22524524831391785,
  0.4430564071122011,
  0.5747240956468425,
  0.6230073574494175,
  0.6460760269773145,
  0.6541232372777437,
  0.6587982832618026,
  0.6551195585530349,
  0.6567290006131208,
  0.6503678724708768,
  0.6499846719803801,
  0.6448497854077253,
  0.6455395462906193,
  0.6429337829552422,
  0.6395616186388718,
  0.6358828939301042,
  0.6348099325567137,
  0.6369558553034947,
  0.6300582464745554,
  0.6567290006131208
 ],
 "f1_at_8": [
  0.15911319233169788,
  0.32829329873545315,
  0.43186814888943037,
  0.4730900991086463,
  0.4925760387655775,
  0.4997005386759049,
  0.5040282896540177,
  0.5008221768559639,
  0.5029542750705214,
  0.4975900064847742,
  0.49782905550078255,
  0.4929381927938482,
  0.49442823178320483,
  0.4929249812601949,
  0.49022895318765053,
  0.4868780529170778,
  0.4862443348972668,
  0.4875372075834944,
  0.48249934772072917,
  0.5029542750705214
 ],
 "rec_at_15": [
  0.18972805667435996,
  0.3460258904460975,
  0.4642427600611626,
  0.5121264789518181,
  0.534845132785345,
  0.5483911228477713,
  0.5529009774017348,
  0.5533397371443626,
  0.5553457484791382,
  0.5520312075517195,
  0.5533603869560445,
  0.5495291539655686,
  0.5490494162227458,
  0.5447062862312412,
  0.5412694749172862,
  0.5419458252265054,
  0.538398581761254,
  0.5367007505654559,
  0.5336601779560298,
  0.5553457484791382
 ],
 "prec_at_15": [
  0.18675659104843653,
  0.3222154097690578,
  0.4276721847537298,
  0.4683834048640916,
  0.48816676885346416,
  0.49838544860004086,
  0.5032904148783978,
  0.5026772940936031,
  0.5031677907214388,
  0.49997956264050686,
  0.5005518087063151,
  0.4969139587165338,
  0.4957285918659309,
  0.49200899243817703,
  0.4892703862660944,
  0.4903331289597384,
  0.4865317800940118,
  0.48522378908645003,
  0.482158185162477,
  0.5031677907214388
 ],
 "f1_at_15": [
  0.1882305974762462,
  0.33369644780977814,
  0.4452077333285735,
  0.4892791962463213,
  0.5104410220263638,
  0.5221938725486516,
  0.5269305626557985,
  0.5267932496431762,
  0.5279707495471957,
  0.5247176731188548,
  0.5256330531087468,
  0.5218988094389294,
  0.5210283751413183,
  0.517018310769649,
  0.5139580428509047,
  0.5148491909717577,
  0.5111528161000756,
  0.5096657565021738,
  0.5066036059967266,
  0.5279707495471957
 ],
 "auc_macro": [
  0.6654695629651213,
  0.7995215765090726,
  0.8627744657356535,
  0.890229512460745,
  0.9032125895748326,
  0.9100773439270605,
  0.9133741165930767,
  0.9149303664355114,
  0.915655166734287,
  0.9149437958996173,
  0.9139711920669074,
  0.9125080368823795,
  0.9111451849620982,
  0.9096132856032586,
  0.9080359175226594,
  0.9072698064178889,
  0.9054982103162565,
  0.9044909470605297,
  0.9034263789295072,
  0.915655166734287
 ],
 "auc_micro": [
  0.9428027782696113,
  0.9657432747401836,
  0.9764757301439236,
  0.9810738821490993,
  0.9833021229643142,
  0.984451859100026,
  0.9849941234889554,
  0.9851794391733585,
  0.9852570636506769,
  0.9851099595841522,
  0.9849321000836375,
  0.9846914580824511,
  0.9843320834366712,
  0.9840121470055947,
  0.9837581884841083,
  0.9835303250386813,
  0.9832153273899459,
  0.9828462806849315,
  0.9825920963634169,
  0.9852570636506769
 ],
 "loss_dev": [
  0.023257477848997586,
  0.01917165187026945,
  0.016382889996840948,
  0.014953808416185328,
  0.014281960459207826,
  0.013921315794843363,
  0.013858227366859875,
  0.014113594931980883,
  0.014207559932318101,
  0.01468797862592168,
  0.014901367903952675,
  0.015228653067082116,
  0.01530006053865492,
  0.015477072712631016,
  0.01564894989805349,
  0.015612081028932528,
  0.015945248443004417,
  0.015915454261775104,
  0.016317881788462035,
  0.014207559932318101
 ],