{
 "acc_macro": [
  0.00012324904141515467,
  0.0037525235617191697,
  0.012585287680505586,
  0.02129067943680813,
  0.02891585148854452,
  0.03445762407805503,
  0.03827608980556848,
  0.043221989678862704,
  0.04645711589566447,
  0.04804122143305376,
  0.050093315350761274,
  0.05018705934225042,
  0.0505395039948026,
  0.05149025778962645,
  0.05198261442769182,
  0.052324881097932915,
  0.052522903455648765,
  0.05209629824187444,
  0.05261375339705757,
  0.04645711589566447
 ],
 "prec_macro": [
  0.0010700125720387846,
  0.008943885534072741,
  0.024748806662490883,
  0.038799827522117254,
  0.049647095596536656,
  0.05665532312958441,
  0.061495716282236365,
  0.0671281284354067,
  0.07005133302363938,
  0.06967510508090101,
  0.07210744980310298,
  0.07236054031377312,
  0.07180336394853976,
  0.07283132691404144,
  0.0729748807695681,
  0.0735934942923199,
  0.07462869528693275,
  0.07451985726246524,
  0.0734502375178985,
  0.07005133302363938
 ],
 "rec_macro": [
  0.00018760441766024421,
  0.005323400992005474,
  0.017358820333962518,
  0.029269811789341262,
  0.039179324525999946,
  0.04623270410114293,
  0.05133482264144405,
  0.05837620410156788,
  0.06328883227794072,
  0.06844187787636564,
  0.07123394436703402,
  0.07171869403216849,
  0.07278292074640233,
  0.07456556189790318,
  0.07570101802386889,
  0.0762700475458575,
  0.07607071687017972,
  0.07493669802269233,
  0.07669020415183428,
  0.06328883227794072
 ],
 "f1_macro": [
  0.00031923723535973685,
  0.0066742739115023255,
  0.020405333616655176,
  0.033367699917872286,
  0.043796421548154704,
  0.050916104827840585,
  0.05595775254946718,
  0.0624470127411273,
  0.0664985986263322,
  0.06905298582210419,
  0.07166803556586374,
  0.0720381875198668,
  0.07228982415058167,
  0.0736882421181103,
  0.07431295602392035,
  0.07490786938429528,
  0.07534280682720287,
  0.07472769634917532,
  0.07503526228648238,
  0.0664985986263322
 ],
 "acc_micro": [
  0.014731058645538878,
  0.1655016668458974,
  0.26843067582019525,
  0.3125042289735435,
  0.3373994548959649,
  0.34638228055783427,
  0.3517661151940946,
  0.35429901251651047,
  0.35780950614994744,
  0.354594849988188,
  0.3550561139273889,
  0.3515672838606211,
  0.3483731644111719,
  0.3452261737861578,
  0.3454499309100138,
  0.3441777425114065,
  0.3420882427378308,
  0.3402061855670103,
  0.33480903016470975,
  0.35780950614994744
 ],
 "prec_micro": [
  0.3965702036441586,
  0.5800251256281407,
  0.6370558375634517,
  0.6486201811670529,
  0.6472613658101128,
  0.6406506038720641,
  0.6317595069194092,
  0.6086439762290654,
  0.5973583737488392,
  0.5632798573975044,
  0.5586445366528354,
  0.5531241398293422,
  0.5431649831649832,
  0.5371499799670569,
  0.5289977112752083,
  0.530859340851473,
  0.5249870533402382,
  0.5260744234800838,
  0.507565967735212,
  0.5973583737488392
 ],
 "rec_micro": [
  0.015068827889549564,
  0.18803453612446036,
  0.316893377861041,
  0.3761912519345117,
  0.41341532947788545,
  0.4299095870326627,
  0.4424940946485298,
  0.4588254459558524,
  0.4715321332573104,
  0.4890445548586788,
  0.4934837501018164,
  0.49104015638999754,
  0.49275067198827077,
  0.4914066954467704,
  0.4989003828296815,
  0.4946240938339985,
  0.4954386250712715,
  0.49055143764763376,
  0.49588661725177163,
  0.4715321332573104
 ],
 "f1_micro": [
  0.029034409699062267,
  0.2840007381435689,
  0.4232484769364665,
  0.476195386003351,
  0.5045604791609712,
  0.5145377885013771,
  0.5204541099827553,
  0.5232212520899127,
  0.52703932993445,
  0.5235437739797698,
  0.5240463627713866,
  0.5202364515015534,
  0.5167310854385103,
  0.5132611608567114,
  0.513508415250152,
  0.5121015348288075,
  0.5097850228387043,
  0.5076923076923077,
  0.5016583235481945,
  0.52703932993445
 ],
 "rec_at_8": [
  0.12288767502280667,
  0.2608501227060797,
  0.3468632015326172,
  0.3816165131714084,
  0.3955736990265124,
  0.40456143356727714,
  0.4072044229998062,
  0.40614434516554493,
  0.4065415762358604,
  0.4037957881249675,
  0.4027119184103796,
  0.4017284969455143,
  0.4007726906350125,
  0.3971935329259553,
  0.39900717517457923,
  0.39821480377236373,
  0.39592966158099735,
  0.3938367125659847,
  0.3914192724030705,
  0.4065415762358604
 ],
 "prec_at_8": [
  0.22501532801961988,
  0.44282648681790315,
  0.5762568976088289,
  0.6233139178418149,
  0.6422440220723482,
  0.6554261189454322,
  0.6578786020846107,
  0.6571888412017167,
  0.6570355610055181,
  0.6514408338442673,
  0.6492949110974862,
  0.648298589822195,
  0.6462293071735132,
  0.640787860208461,
  0.6442366646229307,
  0.6410944206008584,
  0.63864193746168,
  0.6348099325567137,
  0.631361128142244,
  0.6570355610055181
 ],
 "f1_at_8": [
  0.15896160862660444,
  0.32830803769956873,
  0.43305808766541604,
  0.473399703297219,
  0.4895943446019131,
  0.5003080076731778,
  0.5030426178176116,
  0.5020317901895822,
  0.5022903619515753,
  0.4985593931113605,
  0.497104756220046,
  0.49606342796903935,
  0.4947288710914051,
  0.4904072380020061,
  0.492799558241306,
  0.4912749409168156,
  0.4888154409121852,
  0.48609784152370206,
  0.48324530518820774,
  0.5022903619515753
 ],
 "rec_at_15": [
  0.19004349320688912,
  0.3456529070716151,
  0.4638627736478325,
  0.51034395127392,
  0.534619794938328,
  0.547927291460492,
  0.554169717557522,
  0.5527242424053768,
  0.5560688660484913,
  0.5530180011885372,
  0.5542226701718935,
  0.5512565623263527,
  0.5489964997004545,
  0.5469675771662363,
  0.5459323542013838,
  0.5443296586877697,
  0.542855386471168,
  0.5410262329304866,
  0.5368790995904906,
  0.5560688660484913
 ],
 "prec_at_15": [
  0.18687921520539544,
  0.3218884120171674,
  0.4272634375638667,
  0.46703453913754345,
  0.4873901491927243,
  0.4972000817494379,
  0.502922542407521,
  0.5024320457796853,
  0.5036582873492745,
  0.5003883098303699,
  0.5012058042100961,
  0.49838544860004086,
  0.4957694665849172,
  0.49425710198242395,
  0.4928673615368895,
  0.4913141222154097,
  0.49025137952176573,
  0.48788064582056,
  0.4840792969548334,
  0.5036582873492745
 ],
 "f1_at_15": [
  0.18844807209943013,
  0.33334765110353265,
  0.4448115221685463,
  0.4877296859367279,
  0.5099136718046702,
  0.5213326166554878,
  0.5273039143972226,
  0.5263795988771166,
  0.5285675502873771,
  0.5253884280469909,
  0.5263826509468122,
  0.5234894302034597,
  0.5210271210904621,
  0.5192781442513884,
  0.5180444986965161,
  0.5164649339578227,
  0.5152141305405635,
  0.513080888813568,
  0.5091139030912925,
  0.5285675502873771
 ],
 "auc_macro": [
  0.6638488327531575,
  0.7998140828678951,
  0.8627528691696478,
  0.8899696319948927,
  0.9030626679580884,
  0.9102910686034297,
  0.9139375594928184,
  0.9151206635074697,
  0.9158974202286712,
  0.9144728467483614,
  0.9137298753402533,
  0.9124163147767301,
  0.9107812454219123,
  0.9094360461555343,
  0.9083941523556539,
  0.9072712770904308,
  0.9061703127137595,
  0.904708175561098,
  0.9029259552117361,
  0.9158974202286712
 ],
 "auc_micro": [
  0.9426573784394663,
  0.9658291455567792,
  0.9765427733175207,
  0.9810840992929563,
  0.9832810051066695,
  0.98445070301981,
  0.9851170856778495,
  0.9852253557782481,
  0.9853330240591973,
  0.9851259875433601,
  0.9849859139663355,
  0.9848081865771801,
  0.9843001011298227,
  0.984033481196032,
  0.9837454872354682,
  0.9834778525792264,
  0.9832637235324596,
  0.9829285131969263,
  0.982419256557575,
  0.9853330240591973
 ],
 "loss_dev": [
  0.02327953735210804,
  0.01914482196415502,
  0.016313095970762755,
  0.014980048758426342,
  0.01434749781697734,
  0.013964991204076578,
  0.013821798530770266,
  0.014044225753944256,
  0.014201479695221406,
  0.014742374691903168,
  0.014861644230041705,
  0.014932130511164099,
  0.014962365914264081,
  0.01510648487239208,
  0.01537496797595325,
  0.015412936644904564,
  0.015635237579728904,
  0.015730597430228248,
  0.016191319965166647,
  0.014201479695221406
 ],
 "acc_macro_te": [
  0.047457070983242
 ],