{
 "acc_macro": [
  0.0001570533920733567,
  0.0033253010899734763,
  0.011891313088189973,
  0.020903261152373072,
  0.02915754621499641,
  0.0350148578763889,
  0.039441779918422286,
  0.04219488437174793,
  0.045213235551617804,
  0.047927165104076005,
  0.048859397451091434,
  0.04925424758499638,
  0.0502844814137318,
  0.04961213362424917,
  0.05042823425394875,
  0.05085890625261867,
  0.051312481515599216,
  0.050300407537315614,
  0.05123009185433207,
  0.045213235551617804
 ],
 "prec_macro": [
  0.0014953507733588215,
  0.008577965384254368,
  0.02431913358599516,
  0.03870133231109101,
  0.049464497666755654,
  0.056869982166176794,
  0.06270996100355006,
  0.06466538195715335,
  0.06753447202312478,
  0.06983542859793156,
  0.07043522420246014,
  0.07130979000274933,
  0.07287020546795059,
  0.0719608806068408,
  0.0717881952555285,
  0.0730623483637599,
  0.07308828756458452,
  0.07285354158641975,
  0.0730140967470065,
  0.06753447202312478
 ],
 "rec_macro": [
  0.00021926888770296097,
  0.004708291790581682,
  0.016510957764725834,
  0.0287701921563651,
  0.03979846063699824,
  0.04777251204306107,
  0.05400360477704308,
  0.058735939960362575,
  0.06396712848250515,
  0.06911528427524782,
  0.07074167566385314,
  0.07048671997746135,
  0.07135476511343511,
  0.0706552774889374,
  0.07353330810591951,
  0.07358698097066063,
  0.07467459926107414,
  0.07287051269151186,
  0.07429044611630345,
  0.06396712848250515
 ],
 "f1_macro": [
  0.00038245671415794723,
  0.006079599915478387,
  0.019668444239520477,
  0.03300487949800167,
  0.04410812504376696,
  0.05192578652588171,
  0.058032053548699156,
  0.06155820591108511,
  0.06570241323741793,
  0.06947349027903363,
  0.07058811732740358,
  0.0708958661997655,
  0.07210452356444379,
  0.0713021028684567,
  0.07265027346934388,
  0.073323726240238,
  0.07387292847090962,
  0.07286202615073359,
  0.07364674184077868,
  0.06570241323741793
 ],
 "acc_micro": [
  0.017815246351453453,
  0.16143578643578643,
  0.26505774866402343,
  0.31383103993540357,
  0.33868051674829885,
  0.35148803734681966,
  0.3573002842814706,
  0.3587871982032566,
  0.36036036036036034,
  0.35728206945428775,
  0.35726420620972466,
  0.3555568643618588,
  0.3516541375376605,
  0.3496738717131241,
  0.34551023881105,
  0.34471563238686526,
  0.34142235937719173,
  0.3392287046192965,
  0.3368645255310801,
  0.36036036036036034
 ],
 "prec_micro": [
  0.4303554274735831,
  0.5856563277057977,
  0.6333305873630447,
  0.6434434710629785,
  0.6371675943104514,
  0.6327769347496206,
  0.6235576119070182,
  0.6051773124276544,
  0.5854235450648007,
  0.5651361576906908,
  0.5599320571087545,
  0.5621566253841139,
  0.5551604710228585,
  0.5537285780453914,
  0.532290483264878,
  0.5340863963288179,
  0.523193327887881,
  0.525516456582633,
  0.5192673233108692,
  0.5854235450648007
 ],
 "rec_micro": [
  0.018245499714914067,
  0.18225136433982242,
  0.3131058076077218,
  0.3798973690641036,
  0.4196057668811599,
  0.4415573837256659,
  0.4555673210067606,
  0.4684369145556732,
  0.48383155494013197,
  0.49275067198827077,
  0.4967418750509082,
  0.49173250794167955,
  0.4896147267247699,
  0.4868860470799055,
  0.49613097662295347,
  0.492954304797589,
  0.49564225788058974,
  0.48900382829681516,
  0.4895332736010426,
  0.48383155494013197
 ],
 "f1_micro": [
  0.035006837272904864,
  0.27799347724801987,
  0.41904450440138447,
  0.4777342449617167,
  0.5059915528926431,
  0.5201496833621186,
  0.5264867154590167,
  0.528099173553719,
  0.5298013245033113,
  0.5264669408002088,
  0.5264475473163994,
  0.5245915884602017,
  0.5203315371464433,
  0.5181605409153952,
  0.5135750421585159,
  0.5126966982230976,
  0.509045278678239,
  0.5066030969157419,
  0.5039620980252401,
  0.5298013245033113
 ],
 "rec_at_8": [
  0.13486382500932834,
  0.2572481342296512,
  0.3438293053370663,
  0.38315056741887765,
  0.4009097854398569,
  0.40634180035992634,
  0.4081654924113637,
  0.4079427897358212,
  0.4080505494350839,
  0.4059320428804376,
  0.4065751657708398,
  0.4041104184694248,
  0.4017739952291777,
  0.40114626299320083,
  0.39524985858298756,
  0.3954273540211794,
  0.3950726726982516,
  0.39392880212294806,
  0.39272095959621256,
  0.4080505494350839
 ],
 "prec_at_8": [
  0.24264255058246476,
  0.43807480073574495,
  0.5718117719190681,
  0.625689760882894,
  0.6492949110974862,
  0.6560392397302268,
  0.6582618025751072,
  0.6584150827713059,
  0.6575720416922134,
  0.6555027590435316,
  0.6550429184549357,
  0.6507510729613734,
  0.6484518700183937,
  0.6466891477621092,
  0.6383353770692827,
  0.6389484978540773,
  0.638182096873084,
  0.634656652360515,
  0.6338902513795218,
  0.6575720416922134
 ],
 "f1_at_8": [
  0.17336768116973772,
  0.32414844808162413,
  0.4294382355838613,
  0.47526527277912684,
  0.4957294218042532,
  0.5018466175866921,
  0.5038876143676895,
  0.5037627471879952,
  0.5035978687760464,
  0.5013771427316815,
  0.501732566758331,
  0.4985968120935993,
  0.4961429862893466,
  0.49514824996424345,
  0.4882073752842076,
  0.48852206556097166,
  0.48802737544472946,
  0.48612302212515374,
  0.484978120517202,
  0.5035978687760464
 ],
 "rec_at_15": [
  0.19859276052559058,
  0.3418244092292854,
  0.4590384761130481,
  0.5146582931686307,
  0.5377994029641258,
  0.5505549938835058,
  0.5543676058710105,
  0.5549969242752794,
  0.5566333194209455,
  0.5539534564846286,
  0.5534539761439489,
  0.5530283128173772,
  0.550268881101895,
  0.5485041783399361,
  0.5460150613823415,
  0.5412348761813095,
  0.5380560975877832,
  0.5382452190389374,
  0.5348652707510213,
  0.5566333194209455
 ],
 "prec_at_15": [
  0.1929695483343552,
  0.3195585530349479,
  0.4231350909462498,
  0.4700183936235439,
  0.48906601267116284,
  0.4995708154506438,
  0.5036582873492744,
  0.5028407929695483,
  0.5044757817290005,
  0.5016145513999591,
  0.5010014306151646,
  0.4996525648886164,
  0.49744533006335584,
  0.49564684242795837,
  0.4935213570406704,
  0.4887390149192725,
  0.48628653178009407,
  0.48542816268138156,
  0.4827713059472716,
  0.5044757817290005
 ],
 "f1_at_15": [
  0.19574077705626736,
  0.3303166843953141,
  0.44035617159874946,
  0.49132647794922313,
  0.5122763034372432,
  0.5238252498892524,
  0.5277977424259083,
  0.5276330933351514,
  0.52927268015508,
  0.5264864272039879,
  0.5259231107363717,
  0.5249872412566069,
  0.522525479307738,
  0.5207376301807287,
  0.5184428160137905,
  0.5136491371488089,
  0.5108631157146296,
  0.5104741266418787,
  0.507484913924959,
  0.52927268015508
 ],
 "auc_macro": [
  0.6644117394134245,
  0.7962710408868824,
  0.8642988087835296,
  0.8925930235353228,
  0.903636974907985,
  0.9098809997480366,
  0.9127822302129198,
  0.9147666376911892,
  0.9154249423962292,
  0.9144097368938752,
  0.9146458322663973,
  0.9139420040689255,
  0.9128928006209746,
  0.9120300806255707,
  0.9097273728589103,
  0.9091698645020999,
  0.9079971331708067,
  0.9072635254963527,
  0.9071777913484533,
  0.9154249423962292
 ],
 "auc_micro": [
  0.9431191538403887,
  0.9653085044527893,
  0.9764658378990889,
  0.9812742915643565,
  0.9832329743001051,
  0.9843991999642024,
  0.9849494284954899,
  0.9851973109784786,
  0.9853298489950536,
  0.9851672302126429,
  0.9850958171223446,
  0.984914344540329,
  0.9847240204302588,
  0.984464206514263,
  0.9841687150411982,
  0.9838540334315294,
  0.9837119391307034,
  0.9833668204481715,
  0.9832149757471085,
  0.9853298489950536
 ],
 "loss_dev": [
  0.02300847231630842,
  0.019238127097386655,
  0.016340518105315616,
  0.014931579873909995,
  0.014361812604448592,
  0.014050684068573398,
  0.014055273575298111,
  0.014215211989073065,
  0.014476423172155972,
  0.014812850053373407,
  0.014896294942756749,
  0.014775507939317391,
  0.01489092147039253,
  0.014967659134250345,
  0.015441782532395197,
  0.015487966339352876,
  0.015744161134220072,
  0.01574724983655701,
  0.015940156996364654,
  0.014476423172155972
 ],