{
 "acc_macro": [
  0.000140655835132608,
  0.0033571595789046644,
  0.012143724680788486,
  0.021368002167171676,
  0.029540860832045678,
  0.03484052338085953,
  0.03994909663136826,
  0.04270521934484168,
  0.045371255970592064,
  0.04769307135146872,
  0.04820466007008855,
  0.049319355202248415,
  0.050738197386639004,
  0.05033580535968956,
  0.050956631902814915,
  0.05166718119407638,
  0.052013025685929686,
  0.05191004680316079,
  0.05245611045325038,
  0.045371255970592064
 ],
 "prec_macro": [
  0.0015715746998851087,
  0.008474114791939937,
  0.024984908622085286,
  0.03887444621909844,
  0.050481662507499504,
  0.057056074544683914,
  0.062179642421543765,
  0.06561649786189114,
  0.06762342685299294,
  0.06944582681100506,
  0.0698276836588328,
  0.0719434263541027,
  0.07262175135957408,
  0.0720927870982627,
  0.07146900360854762,
  0.07292921897392816,
  0.07233426884475742,
  0.07279107841697052,
  0.07249529718098234,
  0.06762342685299294
 ],
 "rec_macro": [
  0.00020065982908986288,
  0.004774571666752467,
  0.016907253793367737,
  0.02931430278685416,
  0.04013073214011311,
  0.04731083737742109,
  0.05475153046252543,
  0.05939607871767946,
  0.06459579378207542,
  0.06832532102618917,
  0.06953260738637024,
  0.07005501169254212,
  0.07257820607652461,
  0.07194830565291623,
  0.07531761068321512,
  0.07462925825109092,
  0.07610156290874363,
  0.0755392357911525,
  0.07664437403787419,
  0.06459579378207542
 ],
 "f1_macro": [
  0.00035588056267393944,
  0.006107815821976616,
  0.020167313727489738,
  0.03342420278273324,
  0.044714988141623495,
  0.05172847628551567,
  0.05822964915553181,
  0.06235152940316621,
  0.06607494606082444,
  0.06888101732879759,
  0.06967983313086526,
  0.07098666216008133,
  0.07259997218846177,
  0.07202047391401738,
  0.07334285371561919,
  0.07376944543221164,
  0.07417010900829805,
  0.0741396991624614,
  0.07451212179450664,
  0.06607494606082444
 ],
 "acc_micro": [
  0.01651807037096004,
  0.16083663901911288,
  0.2669846280538018,
  0.3156234267494546,
  0.33984387866012317,
  0.3526904808380506,
  0.35826081412769756,
  0.3615672806743678,
  0.36234047089640886,
  0.3596402406337483,
  0.3566785304585699,
  0.35567025512461287,
  0.3542570854329906,
  0.35034950836789747,
  0.3467274813218793,
  0.34532048927935816,
  0.33911845730027546,
  0.34085847901124594,
  0.3382413650749966,
  0.36234047089640886
 ],
 "prec_micro": [
  0.4213197969543147,
  0.5840754321634364,
  0.6289709805189556,
  0.6421304199385456,
  0.6398759689922481,
  0.636769456681351,
  0.6224523704031901,
  0.6077032061709609,
  0.5896991027611164,
  0.5723222748815165,
  0.5621957438916965,
  0.5632414759458197,
  0.5543552577601532,
  0.5489955458594673,
  0.525621447357258,
  0.5298885950843123,
  0.5117226471566345,
  0.5185263603641753,
  0.5105728885380748,
  0.5896991027611164
 ],
 "rec_micro": [
  0.0169015231734137,
  0.18164046591186772,
  0.316893377861041,
  0.3829925877657408,
  0.4202166653091146,
  0.44151665716380223,
  0.4577258287855339,
  0.47165431294290133,
  0.4844831799299503,
  0.49181396106540687,
  0.49385028915858925,
  0.49112160951372485,
  0.49531644538568054,
  0.4919361407509978,
  0.5046428280524559,
  0.4978414922212267,
  0.5013439765415003,
  0.4986967500203633,
  0.5005294453042274,
  0.4844831799299503
 ],
 "f1_micro": [
  0.032499314773483695,
  0.2771046908977944,
  0.4214488828706838,
  0.479808158371387,
  0.5072887730770177,
  0.5214651627023258,
  0.5275287491199249,
  0.5311045378459562,
  0.5319382028752208,
  0.5290226486178649,
  0.525811417297227,
  0.5247149943433992,
  0.5231755318004861,
  0.5189019675229831,
  0.5149185505319149,
  0.5133653906725741,
  0.5064801481176713,
  0.5084182773152858,
  0.5055012853470436,
  0.5319382028752208
 ],
 "rec_at_8": [
  0.13326269298559912,
  0.2558233674728764,
  0.3439716267611549,
  0.3850062322134852,
  0.40193687728079924,
  0.40652416497939486,
  0.40964749445430193,
  0.407873330465553,
  0.40713069264151597,
  0.404860513105153,
  0.40533619634323687,
  0.40426928601178574,
  0.4038528411097842,
  0.4013194575548725,
  0.39824916853691306,
  0.3979660912103916,
  0.39420101972822436,
  0.3957836700575637,
  0.393268375369225,
  0.40713069264151597
 ],
 "prec_at_8": [
  0.23996014714898836,
  0.43600551808706317,
  0.5715052115266708,
  0.627835683629675,
  0.6492182709993869,
  0.6571122011036175,
  0.6599478847332925,
  0.6571888412017167,
  0.6560392397302268,
  0.6513641937461679,
  0.6521305947271613,
  0.65113427345187,
  0.6499080318822809,
  0.644543225015328,
  0.6409411404046598,
  0.6404812998160637,
  0.635806253832005,
  0.6374923359901901,
  0.6319742489270386,
  0.6560392397302268
 ],
 "f1_at_8": [
  0.17136001326587283,
  0.3224508319958688,
  0.4294626998515099,
  0.47731170525701183,
  0.49649143600936485,
  0.5022994650609224,
  0.5055107804537257,
  0.5033505245729103,
  0.5024478250161614,
  0.49934761038593867,
  0.4999346306056494,
  0.49883020663671573,
  0.49815325632745094,
  0.4946495209067894,
  0.4912560751403388,
  0.4909056377506104,
  0.4866673858405579,
  0.4883672027512584,
  0.48483252697637264,
  0.5024478250161614
 ],
 "rec_at_15": [
  0.19635373031335837,
  0.3420462038628325,
  0.45999963409236355,
  0.5142219075684207,
  0.53767496657467,
  0.5502363510165474,
  0.5549397976065326,
  0.5568149924679476,
  0.5563497125266641,
  0.556132874072674,
  0.5539836603096593,
  0.5524191301150034,
  0.5496840639319674,
  0.546575223824417,
  0.5443926631183711,
  0.5439221482666003,
  0.5379833025167795,
  0.539559009837684,
  0.5378896899899825,
  0.5563497125266641
 ],
 "prec_at_15": [
  0.19149805845084816,
  0.3197629266298794,
  0.42436133251583896,
  0.4701410177805028,
  0.4891068873901492,
  0.4996934396076027,
  0.5035356631923156,
  0.5047619047619047,
  0.5043122828530554,
  0.5028407929695483,
  0.5004700592683425,
  0.49883507050889025,
  0.4964643368076845,
  0.4937257306356019,
  0.49045575311669737,
  0.4908236255875741,
  0.48583690987124467,
  0.48681790312691603,
  0.4851829143674637,
  0.5043122828530554
 ],
 "f1_at_15": [
  0.19389549933182967,
  0.33052942351639,
  0.44146240065051556,
  0.4911944665196616,
  0.5122422612231905,
  0.5237483444929132,
  0.5279895271426001,
  0.5295122697781395,
  0.5290544863701219,
  0.5281458908722564,
  0.5258689502652167,
  0.5242614689346038,
  0.521720501720007,
  0.5188080441012404,
  0.5160185963318425,
  0.5160104976417493,
  0.5105821160678942,
  0.5118333868670637,
  0.5101786252236905,
  0.5290544863701219
 ],
 "auc_macro": [
  0.6633821273346038,
  0.7958097553303833,
  0.8642000253845277,
  0.8926566523085544,
  0.9039393849874294,
  0.9095515275040992,
  0.9126254192787487,
  0.9141851988991229,
  0.9153987052477557,
  0.9148100691799225,
  0.9142839020262385,
  0.9146065909177077,
  0.9130859632271735,
  0.9116600270561823,
  0.9095540515125151,
  0.9092245952395919,
  0.9082382157821162,
  0.9073046183105837,
  0.9065789509212485,
  0.9153987052477557
 ],
 "auc_micro": [
  0.9429448716068163,
  0.965201840593923,
  0.9763949391897245,
  0.9811886963984169,
  0.9832013575266135,
  0.9843466284325195,
  0.9848882994102551,
  0.9850917371918275,
  0.9852406565938138,
  0.9851032396966263,
  0.9849119345372889,
  0.9847633626359082,
  0.9845853332671785,
  0.9842800629302649,
  0.9838795339688271,
  0.9837010211286272,
  0.9834261855776535,
  0.9831361222706078,
  0.9828988288237243,
  0.9852406565938138
 ],
 "loss_dev": [
  0.023041982026658556,
  0.019249393792417694,
  0.016373554208839746,
  0.014980663458589068,
  0.01440135499321275,
  0.014059834792021723,
  0.014039605859269052,
  0.014231787974802441,
  0.014451591935550952,
  0.014697751356255128,
  0.014812414984389208,
  0.014766671907018256,
  0.014949327959161606,
  0.014997173322838038,
  0.015574729388514327,
  0.015507280188900428,
  0.015885676297615926,
  0.015917935677991372,
  0.016062899004820573,
  0.014451591935550952
 ],